'Advance Patchwork'	d/d1
'Awards Ceremony'	8/89
'Gladiia's Reflection'	b/bd	Gladiia's_Reflection_(furniture)
'Help Yourself'	a/a9
'Kjeragandr's Bones'	1/13
'Light and Heat'	d/d1
'Off the Rails'	f/f3
'Prize for Excellence'	3/3b
'Scenery of Knowledge'	8/8a
'Skadi's Refreshment Point'	3/3c
'The Archives'	2/25
'Ulpianus's Curtain'	4/4f
Aggregate Cyclicene	2/2f
Aketon	d/d3
Assembly Workbench	2/2e
Automatic File Sorter	f/f9
Bibeak's Token	e/ef
Bipolar Nanoflake	b/b6
Bryophyta's Token	e/eb
Caster Chip	9/94
Chip Catalyst	3/32
Coagulating Gel	b/bd
Coldshot's Token	9/9a
Compound Cutting Fluid	2/2c
Crystalline Circuit	4/46
Crystalline Component	2/20
Crystalline Electronic Unit	d/d0
Cured Fiberboard	6/67
Cutting Fluid Solution	9/93
Cyclicene Prefab	e/ea
D32 Steel	6/68
Data Supplement Instrument	6/6d
Data Supplement Stick	f/f8
Defender Chip	2/24
Device	a/a4
Dizzy Spinning Chair	6/63
Explosion-proof Fluorescent Lamp	e/e0
Frontline Battle Record	f/f7
Furniture Part	0/0d
Fuscous Fiber	d/d6
Fuze's Token	b/ba
Galería Carpet	f/f1
Galería Lamp	3/33
Galería Lighting	4/43
Galería Plant	4/42
Grindstone	6/69
Grindstone Pentahydrate	a/a5
Guard Chip	6/63
Harold's Token	8/8b
Headhunting Permit	0/0b
Ice-Cold Patchwork Wallpaper	6/67
Incandescent Alloy	f/f4
Incandescent Alloy Block	a/a3
Information Fragment	1/1d
Integrated Device	f/fb
Invisible Dirge	a/a6	Manticore_Skin_1
Keton Colloid	a/ae
Knowledge-Seeking Hall Flooring	b/b6
Library Stairs	6/62
LMD	e/e7
Load-bearing Pillar	2/29
Loxic Kohl	4/4a
Manganese Ore	6/6a
Manganese Trihydrate	c/cd
Medic Chip	e/eb
Mischievously Spliced Table	9/9a
Module Data Block	6/66
Never Even Flooring	5/57
Newsgirl	1/14	Amiya_Skin_1
Night Watcher	0/02	Hibiscus_Skin_1
Nucleic Crystal Sinter	7/7e
Odda's Token	3/33
Oddities Showcase	c/c1
Optimized Device	f/fd
Orirock Cluster	4/4d
Orirock Concentration	d/d4
Orirock Cube	d/d8
Oriron	4/44
Oriron Block	5/52
Oriron Cluster	8/87
Pipe Organ Literature Stand	8/8b
Polyester	3/3a
Polyester Lump	e/ed
Polyester Pack	f/f3
Polyketon	9/96
Polymerization Preparation	9/9c
Polymerized Gel	6/66
Port Panoramic Display	3/33
Pure Gold	0/0e
Recruitment Permit	3/3b
Refined Solvent	9/9f
Reinforced Work Chair	a/ae
Responsive Floorlamp	2/22
RMA70-12	1/10
RMA70-24	f/f1
Scene's Token	c/ce
Secret Exhibit 'Do Not Touch'	2/28
Semi-Synthetic Solvent	5/58
Shipping Counter	1/12
Shock-proof Pillar	2/22
Skill Summary - 2	b/b0	Skill_Summary_Volume_2
Skill Summary - 3	a/a7	Skill_Summary_Volume_3
Small Dougong Lamp	9/9b
Small Mailbox	8/80
Small Post Office Floor	f/f1
Sniper Chip	c/cd
Solidified Fiber Board	e/e2
Specialist Chip	e/e2
Specialized Load-Bearing Floor	7/7a
Stable Surgical Gimbal	2/2d
Strategic Battle Record	5/55
Stumpy Little Fridge	f/f1
Sugar	a/a9
Sugar Lump	d/d2
Sugar Pack	2/23
Supporter Chip	d/d7
Tactical Battle Record	a/a7
Toasty Shop Lamp	6/6c
Transmuted Salt	b/bd
Transmuted Salt Agglomerate	b/bd
Underflow's Token	0/00
Vanguard Chip	d/df
Wanqing's Token	f/fc
Welded Storage Box	e/e8
White Horse Kohl	4/4a
Window to the Snowy Mountains	f/ff
Witchcraft Workbench	a/aa
Yellowy Gauze Curtain	9/9d